1,2,3-triazine_to_pyridine.rxn
1,2,4-triazine_to_pyridine.rxn
1,3,5-triazine_to_pyridine.rxn
acyl_cyanimide_to_carboxylic.rxn
aromatic_c_to_n.rxn
aromatic_ch3_to_h.rxn
aromatic_nh0_to_c.rxn
aromatic_nh_to_methyl.rxn
aromatic_s_to_o.rxn
aromaticf_to_h.rxn
br2cl.rxn
cf3_to_ch3.rxn
cf3_to_f.rxn
cyclobutane_to_cyclopropane.rxn
cyclopropyl_to_methyl.rxn
ethoxy_to_methoxy.rxn
ethyl_to_methyl.rxn
hydroxamic_to_carboxylic.rxn
i2cl.rxn
imidazole_to_pyrrole.rxn
indole_to_pyrrole.rxn
isoindole_to_pyrrole.rxn
isoquinoline_to_pyridine.rxn
isoxazole_to_oxazole.rxn
move_aromatic_nitrogen.rxn
ortho_meta_halogen_to_meta.rxn
ortho_meta_halogen_to_ortho.rxn
ortho_para_halogen_to_ortho.rxn
ortho_para_halogen_to_para.rxn
oxazole_to_isoxazole.rxn
phosphonate_to_carboxylic.rxn
piperazine_to_piperidine.rxn
piperidine_to_amine.rxn
propane_to_methyl.rxn
pyrazine_to_pyridine.rxn
pyrimidine_to_pyridine.rxn
resorcinol_to_hydroxy.rxn
rm_cf2.rxn
rm_ch2.rxn
rmfmoc.rxn
rmfused_phenyl.rxn
rmmethane.rxn
rmtboc.rxn
shorten_ch2_chain.rxn
sulfonamide_to_amide.rxn
sulfonic_acid_to_carboxylic.rxn
tbutyl_2_methyl.rxn
tetrazole_to_acid.rxn
thioether_to_ether.rxn
thiol_2_alcohol.rxn
triple_2_double.rxn
